{
    "$schema": "https://schema.management.azure.com/schemas/2019-04-01/deploymentTemplate.json#",
    "contentVersion": "1.0.0.0",
    "parameters": {
        "registries_salesmlcr_name": {
            "defaultValue": "salesmlcr",
            "type": "String"
        }
    },
    "variables": {},
    "resources": [
        {
            "type": "Microsoft.ContainerRegistry/registries",
            "apiVersion": "2023-11-01-preview",
            "name": "[parameters('registries_salesmlcr_name')]",
            "location": "westeurope",
            "sku": {
                "name": "Basic",
                "tier": "Basic"
            },
            "properties": {
                "adminUserEnabled": true,
                "policies": {
                    "quarantinePolicy": {
                        "status": "disabled"
                    },
                    "trustPolicy": {
                        "type": "Notary",
                        "status": "disabled"
                    },
                    "retentionPolicy": {
                        "days": 7,
                        "status": "disabled"
                    },
                    "exportPolicy": {
                        "status": "enabled"
                    },
                    "azureADAuthenticationAsArmPolicy": {
                        "status": "enabled"
                    },
                    "softDeletePolicy": {
                        "retentionDays": 7,
                        "status": "disabled"
                    }
                },
                "encryption": {
                    "status": "disabled"
                },
                "dataEndpointEnabled": false,
                "publicNetworkAccess": "Enabled",
                "networkRuleBypassOptions": "AzureServices",
                "zoneRedundancy": "Disabled",
                "anonymousPullEnabled": false,
                "metadataSearch": "Disabled"
            }
        },
        {
            "type": "Microsoft.ContainerRegistry/registries/scopeMaps",
            "apiVersion": "2023-11-01-preview",
            "name": "[concat(parameters('registries_salesmlcr_name'), '/_repositories_admin')]",
            "dependsOn": [
                "[resourceId('Microsoft.ContainerRegistry/registries', parameters('registries_salesmlcr_name'))]"
            ],
            "properties": {
                "description": "Can perform all read, write and delete operations on the registry",
                "actions": [
                    "repositories/*/metadata/read",
                    "repositories/*/metadata/write",
                    "repositories/*/content/read",
                    "repositories/*/content/write",
                    "repositories/*/content/delete"
                ]
            }
        },
        {
            "type": "Microsoft.ContainerRegistry/registries/scopeMaps",
            "apiVersion": "2023-11-01-preview",
            "name": "[concat(parameters('registries_salesmlcr_name'), '/_repositories_pull')]",
            "dependsOn": [
                "[resourceId('Microsoft.ContainerRegistry/registries', parameters('registries_salesmlcr_name'))]"
            ],
            "properties": {
                "description": "Can pull any repository of the registry",
                "actions": [
                    "repositories/*/content/read"
                ]
            }
        },
        {
            "type": "Microsoft.ContainerRegistry/registries/scopeMaps",
            "apiVersion": "2023-11-01-preview",
            "name": "[concat(parameters('registries_salesmlcr_name'), '/_repositories_pull_metadata_read')]",
            "dependsOn": [
                "[resourceId('Microsoft.ContainerRegistry/registries', parameters('registries_salesmlcr_name'))]"
            ],
            "properties": {
                "description": "Can perform all read operations on the registry",
                "actions": [
                    "repositories/*/content/read",
                    "repositories/*/metadata/read"
                ]
            }
        },
        {
            "type": "Microsoft.ContainerRegistry/registries/scopeMaps",
            "apiVersion": "2023-11-01-preview",
            "name": "[concat(parameters('registries_salesmlcr_name'), '/_repositories_push')]",
            "dependsOn": [
                "[resourceId('Microsoft.ContainerRegistry/registries', parameters('registries_salesmlcr_name'))]"
            ],
            "properties": {
                "description": "Can push to any repository of the registry",
                "actions": [
                    "repositories/*/content/read",
                    "repositories/*/content/write"
                ]
            }
        },
        {
            "type": "Microsoft.ContainerRegistry/registries/scopeMaps",
            "apiVersion": "2023-11-01-preview",
            "name": "[concat(parameters('registries_salesmlcr_name'), '/_repositories_push_metadata_write')]",
            "dependsOn": [
                "[resourceId('Microsoft.ContainerRegistry/registries', parameters('registries_salesmlcr_name'))]"
            ],
            "properties": {
                "description": "Can perform all read and write operations on the registry",
                "actions": [
                    "repositories/*/metadata/read",
                    "repositories/*/metadata/write",
                    "repositories/*/content/read",
                    "repositories/*/content/write"
                ]
            }
        }
    ]
}